2025-5-31;3:2:26;;<>;<>;<3682.138916, 402.761047, 5977.789063>;picked the item;Motorbike Helmet;
2025-5-31;3:2:26;;<>;<>;<3682.138916, 402.761047, 5977.789063>;picked the item;Ski Mask;
2025-5-31;3:2:26;;<>;<>;<3682.138916, 402.761047, 5977.789063>;picked the item;Tactical Shirt;
2025-5-31;3:2:26;;<>;<>;<3682.138916, 402.761047, 5977.789063>;picked the item;Plate Carrier;
2025-5-31;3:2:26;;<>;<>;<3682.138916, 402.761047, 5977.789063>;picked the item;Pouches;
2025-5-31;3:2:26;;<>;<>;<3682.138916, 402.761047, 5977.789063>;picked the item;Holster;
2025-5-31;3:2:26;;<>;<>;<3682.138916, 402.761047, 5977.789063>;picked the item;Working Gloves;
2025-5-31;3:2:26;;<>;<>;<3682.138916, 402.761047, 5977.789063>;picked the item;Cargo Pants;
2025-5-31;3:2:26;;<>;<>;<3682.138916, 402.761047, 5977.789063>;picked the item;Jungle Boots;
2025-5-31;3:2:26;;<>;<>;<8347.679688, 291.996918, 5979.818848>;picked the item;Hiking Jacket;
2025-5-31;3:2:26;;<>;<>;<8347.679688, 291.996918, 5979.818848>;picked the item;Patrol Pants;
2025-5-31;3:2:26;;<>;<>;<8347.679688, 291.996918, 5979.818848>;picked the item;Hunter Boots;
2025-5-31;3:2:26;;<>;<>;<8347.679688, 291.996918, 5979.818848>;picked the item;Working Gloves;
2025-5-31;3:2:26;;<>;<>;<8347.679688, 291.996918, 5979.818848>;picked the item;Belt;
2025-5-31;3:2:26;;<>;<>;<1269.212646, 150.109222, 6294.979492>;picked the item;Hiking Jacket;
2025-5-31;3:2:26;;<>;<>;<1269.212646, 150.109222, 6294.979492>;picked the item;Suit Pants;
2025-5-31;3:2:26;;<>;<>;<1269.212646, 150.109222, 6294.979492>;picked the item;Trail Shoes;
2025-5-31;3:2:26;;<>;<>;<1269.212646, 150.109222, 6294.979492>;picked the item;Hiking Backpack;
2025-5-31;3:2:26;;<>;<>;<1269.212646, 150.109222, 6294.979492>;picked the item;Tactical Vest;
2025-5-31;3:2:26;;<>;<>;<1269.212646, 150.109222, 6294.979492>;picked the item;Baseball Cap;
2025-5-31;3:2:26;;<>;<>;<1269.212646, 150.109222, 6294.979492>;picked the item;Fingerless Gloves;
2025-5-31;3:2:26;;<>;<>;<1269.212646, 150.109222, 6294.979492>;picked the item;Belt;
2025-5-31;3:2:26;;<>;<>;<1269.212646, 150.109222, 6294.979492>;picked the item;Teddy Bear;
2025-5-31;3:2:26;;<>;<>;<3709.234131, 402.000000, 6004.520508>;picked the item;Hiking Jacket;
2025-5-31;3:2:26;;<>;<>;<3709.234131, 402.000000, 6004.520508>;picked the item;Suit Pants;
2025-5-31;3:2:26;;<>;<>;<3709.234131, 402.000000, 6004.520508>;picked the item;Trail Shoes;
2025-5-31;3:2:26;;<>;<>;<3709.234131, 402.000000, 6004.520508>;picked the item;Hiking Backpack;
2025-5-31;3:2:26;;<>;<>;<3709.234131, 402.000000, 6004.520508>;picked the item;Ballistic Vest;
2025-5-31;3:2:26;;<>;<>;<3709.234131, 402.000000, 6004.520508>;picked the item;Baseball Cap;
2025-5-31;3:2:26;;<>;<>;<3709.234131, 402.000000, 6004.520508>;picked the item;Surgical Gloves;
2025-5-31;3:2:26;;<>;<>;<3709.234131, 402.000000, 6004.520508>;picked the item;Belt;
2025-5-31;3:2:26;;<>;<>;<3709.234131, 402.000000, 6004.520508>;picked the item;Baseball Bat;
2025-5-31;3:2:26;;<>;<>;<3709.234131, 402.000000, 6004.520508>;picked the item;KA-M;
2025-5-31;3:2:26;;<>;<>;<3709.234131, 402.000000, 6004.520508>;picked the item;KA Wooden Buttstock;
2025-5-31;3:2:26;;<>;<>;<3709.234131, 402.000000, 6004.520508>;picked the item;Kobra Sights;
2025-5-31;3:2:26;;<>;<>;<3709.234131, 402.000000, 6004.520508>;picked the item;KA Wooden Handguard;
2025-5-31;3:2:26;;<>;<>;<3709.234131, 402.000000, 6004.520508>;picked the item;75rd KA-M Drum Mag;
2025-5-31;3:2:26;;<>;<>;<3709.234131, 402.000000, 6004.520508>;picked the item;Bandage;
2025-5-31;3:2:26;;<>;<>;<1389.397827, 329.336273, 612.630066>;picked the item;KA-74;
2025-5-31;3:2:26;;<>;<>;<1389.397827, 329.336273, 612.630066>;picked the item;KA Wooden Buttstock;
2025-5-31;3:2:26;;<>;<>;<1389.397827, 329.336273, 612.630066>;picked the item;KA Polymer Handguard;
2025-5-31;3:2:26;;<>;<>;<1389.397827, 329.336273, 612.630066>;picked the item;P1-87-L Scope;
2025-5-31;3:2:26;;<>;<>;<1389.397827, 329.336273, 612.630066>;picked the item;30rd KA-74 Mag;
2025-5-31;3:2:26;;<>;<>;<1389.397827, 329.336273, 612.630066>;picked the item;Patrol Jacket;
2025-5-31;3:2:26;;<>;<>;<1389.397827, 329.336273, 612.630066>;picked the item;Patrol Pants;
2025-5-31;3:2:26;;<>;<>;<1389.397827, 329.336273, 612.630066>;picked the item;Hunter Boots;
2025-5-31;3:2:26;;<>;<>;<1389.397827, 329.336273, 612.630066>;picked the item;Combat Backpack;
2025-5-31;3:2:26;;<>;<>;<1389.397827, 329.336273, 612.630066>;picked the item;Bandage;
2025-5-31;3:2:26;;<>;<>;<1389.397827, 329.336273, 612.630066>;picked the item;12rd IJ-70 Mag;
2025-5-31;3:2:26;;<>;<>;<1389.397827, 329.336273, 612.630066>;picked the item;7.62x39mm Rounds;
2025-5-31;3:2:26;;<>;<>;<1389.397827, 329.336273, 612.630066>;picked the item;Field Vest;
2025-5-31;3:2:26;;<>;<>;<1389.397827, 329.336273, 612.630066>;picked the item;Pilotka;
2025-5-31;3:2:26;;<>;<>;<1389.397827, 329.336273, 612.630066>;picked the item;Combat Gloves;
2025-5-31;3:2:26;;<>;<>;<1389.397827, 329.336273, 612.630066>;picked the item;Tactical Belt;
2025-5-31;3:2:26;;<>;<>;<1389.397827, 329.336273, 612.630066>;picked the item;30rd KA-74 Mag;
2025-5-31;3:2:26;;<>;<>;<8357.762695, 294.329803, 5999.391602>;picked the item;Shirt;
2025-5-31;3:2:26;;<>;<>;<8357.762695, 294.329803, 5999.391602>;picked the item;Jeans;
2025-5-31;3:2:26;;<>;<>;<8357.762695, 294.329803, 5999.391602>;picked the item;Athletic Shoes;
2025-5-31;3:2:26;;<>;<>;<8393.610352, 292.177887, 5967.712402>;picked the item;Shirt;
2025-5-31;3:2:26;;<>;<>;<8393.610352, 292.177887, 5967.712402>;picked the item;Jeans;
2025-5-31;3:2:26;;<>;<>;<8393.610352, 292.177887, 5967.712402>;picked the item;Combat Boots;
2025-5-31;3:2:26;;<>;<>;<8393.610352, 292.177887, 5967.712402>;picked the item;Working Gloves;
2025-5-31;3:2:26;;<>;<>;<8393.610352, 292.177887, 5967.712402>;picked the item;Belt;
2025-5-31;3:2:26;;<>;<>;<8368.875977, 291.996429, 5980.167969>;picked the item;Hoodie;
2025-5-31;3:2:26;;<>;<>;<8368.875977, 291.996429, 5980.167969>;picked the item;Jeans;
2025-5-31;3:2:26;;<>;<>;<8368.875977, 291.996429, 5980.167969>;picked the item;Hunter Boots;
2025-5-31;3:2:26;;<>;<>;<8368.875977, 291.996429, 5980.167969>;picked the item;Working Gloves;
2025-5-31;3:2:26;;<>;<>;<8368.875977, 291.996429, 5980.167969>;picked the item;Tactical Belt;
2025-5-31;3:2:26;;<>;<>;<203.427887, 103.514297, 2387.439941>;picked the item;Lab Coat;
2025-5-31;3:2:26;;<>;<>;<203.427887, 103.514297, 2387.439941>;picked the item;Suit Pants;
2025-5-31;3:2:26;;<>;<>;<203.427887, 103.514297, 2387.439941>;picked the item;Dress Shoes;
2025-5-31;3:2:26;;<>;<>;<203.427887, 103.514297, 2387.439941>;picked the item;Scrub Hat;
2025-5-31;3:2:26;;<>;<>;<203.427887, 103.514297, 2387.439941>;picked the item;Surgical Gloves;
2025-5-31;3:2:28;;<>;<>;<1436.089478, 329.337250, 632.509338>;picked the item;Scrub Hat;
2025-5-31;3:2:28;;<>;<>;<1436.089478, 329.337250, 632.509338>;picked the item;Scrub Pants;
2025-5-31;3:2:28;;<>;<>;<1436.089478, 329.337250, 632.509338>;picked the item;Scrub T-Shirt;
2025-5-31;3:2:28;;<>;<>;<1436.089478, 329.337250, 632.509338>;picked the item;Surgical Mask;
2025-5-31;3:2:28;;<>;<>;<1436.089478, 329.337250, 632.509338>;picked the item;Surgical Gloves;
2025-5-31;3:2:28;;<>;<>;<1436.089478, 329.337250, 632.509338>;picked the item;Dress Shoes;
2025-5-31;3:2:28;;<>;<>;<1436.089478, 329.337250, 632.509338>;picked the item;Hip Pack;
2025-5-31;3:2:28;;<>;<>;<3712.570068, 402.721893, 5972.784668>;picked the item;Paramedic Jacket;
2025-5-31;3:2:28;;<>;<>;<3712.570068, 402.721893, 5972.784668>;picked the item;Paramedic Pants;
2025-5-31;3:2:28;;<>;<>;<3712.570068, 402.721893, 5972.784668>;picked the item;Scrub Hat;
2025-5-31;3:2:28;;<>;<>;<3712.570068, 402.721893, 5972.784668>;picked the item;Dress Shoes;
2025-5-31;3:2:28;;<>;<>;<3712.570068, 402.721893, 5972.784668>;picked the item;Canvas Bag;
2025-5-31;3:2:28;;<>;<>;<2172.071289, 91.612350, 3348.242676>;picked the item;Combat Gas Mask;
2025-5-31;3:2:28;;<>;<>;<2172.071289, 91.612350, 3348.242676>;picked the item;NBC Hood;
2025-5-31;3:2:28;;<>;<>;<2172.071289, 91.612350, 3348.242676>;picked the item;NBC Boots;
2025-5-31;3:2:28;;<>;<>;<2172.071289, 91.612350, 3348.242676>;picked the item;NBC Pants;
2025-5-31;3:2:28;;<>;<>;<2172.071289, 91.612350, 3348.242676>;picked the item;NBC Jacket;
2025-5-31;3:2:28;;<>;<>;<2172.071289, 91.612350, 3348.242676>;picked the item;NBC Gloves;
2025-5-31;3:2:28;;<>;<>;<2172.071289, 91.612350, 3348.242676>;picked the item;Drybag Backpack;
2025-5-31;3:2:28;;<>;<>;<1397.600952, 329.374176, 647.802795>;picked the item;Assault Helmet;
2025-5-31;3:2:28;;<>;<>;<1397.600952, 329.374176, 647.802795>;picked the item;Tactical Shirt;
2025-5-31;3:2:28;;<>;<>;<1397.600952, 329.374176, 647.802795>;picked the item;Cargo Pants;
2025-5-31;3:2:28;;<>;<>;<1397.600952, 329.374176, 647.802795>;picked the item;Tactical Gloves;
2025-5-31;3:2:28;;<>;<>;<1397.600952, 329.374176, 647.802795>;picked the item;Assault Boots;
2025-5-31;3:2:28;;<>;<>;<1397.600952, 329.374176, 647.802795>;picked the item;Balaclava;
2025-5-31;3:2:28;;<>;<>;<1397.600952, 329.374176, 647.802795>;picked the item;Plate Carrier;
2025-5-31;3:2:28;;<>;<>;<1397.600952, 329.374176, 647.802795>;picked the item;SVD;
2025-5-31;3:2:28;;<>;<>;<1410.082764, 329.338257, 641.032043>;picked the item;Fingerless Gloves;
2025-5-31;3:2:28;;<>;<>;<1410.082764, 329.338257, 641.032043>;picked the item;Ushanka;
2025-5-31;3:2:28;;<>;<>;<1410.082764, 329.338257, 641.032043>;picked the item;Quilted Jacket;
2025-5-31;3:2:28;;<>;<>;<1410.082764, 329.338257, 641.032043>;picked the item;Jeans;
2025-5-31;3:2:28;;<>;<>;<1410.082764, 329.338257, 641.032043>;picked the item;Trail Shoes;
2025-5-31;3:2:29;;<>;<>;<1394.546021, 329.336273, 613.621338>;picked the item;Wrench;
2025-5-31;3:2:29;;<>;<>;<1394.546021, 329.336273, 613.621338>;picked the item;Jumpsuit Pants;
2025-5-31;3:2:29;;<>;<>;<1394.546021, 329.336273, 613.621338>;picked the item;Jumpsuit Jacket;
2025-5-31;3:2:29;;<>;<>;<1394.546021, 329.336273, 613.621338>;picked the item;Working Boots;
2025-5-31;3:2:29;;<>;<>;<1394.546021, 329.336273, 613.621338>;picked the item;Hard Hat;
2025-5-31;3:2:29;;<>;<>;<3687.716064, 402.941101, 5957.413086>;picked the item;MMG MK-V Armor Alpine;
2025-5-31;3:2:29;;<>;<>;<3687.716064, 402.941101, 5957.413086>;picked the item;MMG CombatShirt Alpine;
2025-5-31;3:2:29;;<>;<>;<3687.716064, 402.941101, 5957.413086>;picked the item;MMG Tactical Boots Alpine;
2025-5-31;3:2:29;;<>;<>;<3687.716064, 402.941101, 5957.413086>;picked the item;MMG Falcon Belt Alpine;
2025-5-31;3:2:29;;<>;<>;<3687.716064, 402.941101, 5957.413086>;picked the item;MMG Sniper Boonie Alpine;
2025-5-31;3:2:29;;<>;<>;<3687.716064, 402.941101, 5957.413086>;picked the item;MMG Tactical Pants Alpine;
2025-5-31;3:2:29;;<>;<>;<3687.716064, 402.941101, 5957.413086>;picked the item;SVD;
2025-5-31;3:2:29;;<>;<>;<3687.716064, 402.941101, 5957.413086>;picked the item;KelTec SUB 2000;
2025-5-31;3:2:29;;<>;<>;<3687.716064, 402.941101, 5957.413086>;picked the item;The PKP Tactical machine gun;
2025-5-31;3:2:29;;<>;<>;<1424.495483, 329.337250, 619.711853>;picked the item;Surgical Gloves;
2025-5-31;3:2:29;;<>;<>;<1424.495483, 329.337250, 619.711853>;picked the item;Scrub Hat;
2025-5-31;3:2:29;;<>;<>;<1424.495483, 329.337250, 619.711853>;picked the item;Suit Pants;
2025-5-31;3:2:29;;<>;<>;<1424.495483, 329.337250, 619.711853>;picked the item;Dress Shoes;
2025-5-31;3:2:29;;<>;<>;<1424.495483, 329.337250, 619.711853>;picked the item;Lab Coat;
2025-5-31;3:2:29;;<>;<>;<3681.450684, 402.651245, 5966.488281>;picked the item;MMG Tactical Gloves Multicam;
2025-5-31;3:2:29;;<>;<>;<3681.450684, 402.651245, 5966.488281>;picked the item;MMG TT Plate Carrier Multicam;
2025-5-31;3:2:29;;<>;<>;<3681.450684, 402.651245, 5966.488281>;picked the item;MMG Tactical Boots Multicam;
2025-5-31;3:2:29;;<>;<>;<3681.450684, 402.651245, 5966.488281>;picked the item;MMG Tactical Shirt Multicam;
2025-5-31;3:2:29;;<>;<>;<3681.450684, 402.651245, 5966.488281>;picked the item;MMG Tactical Pants Multicam;
2025-5-31;3:2:29;;<>;<>;<3681.450684, 402.651245, 5966.488281>;picked the item;MMG Tactical Helmet Multicam;
2025-5-31;3:2:29;;<>;<>;<3681.450684, 402.651245, 5966.488281>;picked the item;SVD;
2025-5-31;3:2:29;;<>;<>;<3681.450684, 402.651245, 5966.488281>;picked the item;ASh-12;
2025-5-31;3:2:29;;<>;<>;<3702.868652, 402.651245, 5948.369141>;picked the item;Boonie Hat;
2025-5-31;3:2:29;;<>;<>;<3702.868652, 402.651245, 5948.369141>;picked the item;Hunter Vest;
2025-5-31;3:2:29;;<>;<>;<3702.868652, 402.651245, 5948.369141>;picked the item;Hunter Jacket;
2025-5-31;3:2:29;;<>;<>;<3702.868652, 402.651245, 5948.369141>;picked the item;Hunter Pants;
2025-5-31;3:2:29;;<>;<>;<3702.868652, 402.651245, 5948.369141>;picked the item;Hunter Backpack;
2025-5-31;3:2:29;;<>;<>;<3702.868652, 402.651245, 5948.369141>;picked the item;Wool Gloves;
2025-5-31;3:2:29;;<>;<>;<3702.868652, 402.651245, 5948.369141>;picked the item;Bandana;
2025-5-31;3:2:29;;<>;<>;<3702.868652, 402.651245, 5948.369141>;picked the item;Hiking Boots;
2025-5-31;3:2:29;;<>;<>;<3702.868652, 402.651245, 5948.369141>;picked the item;Aviator Sunglasses;
2025-5-31;3:2:29;;<>;<>;<175.029129, 386.918182, 12518.526367>;picked the item;Mens Suit Jacket;
2025-5-31;3:2:29;;<>;<>;<175.029129, 386.918182, 12518.526367>;picked the item;Dress Shoes;
2025-5-31;3:2:29;;<>;<>;<175.029129, 386.918182, 12518.526367>;picked the item;Suit Pants;
2025-5-31;3:2:29;;<>;<>;<175.029129, 386.918182, 12518.526367>;picked the item;Athletic Sunglasses;
2025-5-31;3:2:29;;<>;<>;<3718.620361, 402.651123, 5953.166992>;picked the item;Fingerless Gloves;
2025-5-31;3:2:29;;<>;<>;<3718.620361, 402.651123, 5953.166992>;picked the item;Ushanka;
2025-5-31;3:2:29;;<>;<>;<3718.620361, 402.651123, 5953.166992>;picked the item;Quilted Jacket;
2025-5-31;3:2:29;;<>;<>;<3718.620361, 402.651123, 5953.166992>;picked the item;Jeans;
2025-5-31;3:2:29;;<>;<>;<3718.620361, 402.651123, 5953.166992>;picked the item;Trail Shoes;
2025-5-31;3:2:29;;<>;<>;<14124.838867, 140.338562, 13839.694336>;picked the item;Hoxton Mask;
2025-5-31;3:2:29;;<>;<>;<14124.838867, 140.338562, 13839.694336>;picked the item;Down Jacket;
2025-5-31;3:2:29;;<>;<>;<14124.838867, 140.338562, 13839.694336>;picked the item;Cargo Pants;
2025-5-31;3:2:29;;<>;<>;<14124.838867, 140.338562, 13839.694336>;picked the item;Working Gloves;
2025-5-31;3:2:29;;<>;<>;<14124.838867, 140.338562, 13839.694336>;picked the item;Hiking Boots;
2025-5-31;3:2:29;;<>;<>;<14124.838867, 140.338562, 13839.694336>;picked the item;SVD;
2025-5-31;3:2:29;;<>;<>;<14124.838867, 140.338562, 13839.694336>;picked the item;Fange;
2025-5-31;3:2:29;;<>;<>;<8539.095703, 342.689240, 8028.934082>;picked the item;Denim Skirt;
2025-5-31;3:2:29;;<>;<>;<8539.095703, 342.689240, 8028.934082>;picked the item;Collar Dress;
2025-5-31;3:2:29;;<>;<>;<8539.095703, 342.689240, 8028.934082>;picked the item;Flat Shoes;
2025-5-31;3:2:29;;<>;<>;<8539.095703, 342.689240, 8028.934082>;picked the item;Christmas Headband;
2025-5-31;3:2:58;;<Foster>;<76561198093965225>;<8532.588867, 342.799866, 8036.633789>;picked the item;Потертий Ведмедик №1;
2025-5-31;3:2:58;;<Foster>;<76561198093965225>;<8532.588867, 342.799866, 8036.633789>;picked the item;Codeine Pills;
2025-5-31;3:2:58;;<Foster>;<76561198093965225>;<8532.588867, 342.799866, 8036.633789>;picked the item;Hunter Boots;
2025-5-31;3:2:58;;<Foster>;<76561198093965225>;<8532.588867, 342.799866, 8036.633789>;picked the item;MMG Tactical Pants Erdl;
2025-5-31;3:2:58;;<Foster>;<76561198093965225>;<8532.588867, 342.799866, 8036.633789>;picked the item;MMG Facemask Skull;
2025-5-31;3:2:58;;<Foster>;<76561198093965225>;<8532.588867, 342.799866, 8036.633789>;picked the item;MMG Tac-Goggles Green;
2025-5-31;3:2:58;;<Foster>;<76561198093965225>;<8532.588867, 342.799866, 8036.633789>;picked the item;MMG Tactical Gloves Multicam;
2025-5-31;3:2:58;;<Foster>;<76561198093965225>;<8532.588867, 342.799866, 8036.633789>;picked the item;MMG Combat Headphones Black;
2025-5-31;3:2:58;;<Foster>;<76561198093965225>;<8532.588867, 342.799866, 8036.633789>;picked the item;9V Battery;
2025-5-31;3:2:58;;<Foster>;<76561198093965225>;<8532.588867, 342.799866, 8036.633789>;picked the item;MMG TT Plate Carrier UCP;
2025-5-31;3:2:58;;<Foster>;<76561198093965225>;<8532.588867, 342.799866, 8036.633789>;picked the item;MMG EOD Pouch Olive;
2025-5-31;3:2:58;;<Foster>;<76561198093965225>;<8532.588867, 342.799866, 8036.633789>;picked the item;MMG Tactical Pouch Multicam Tropic;
2025-5-31;3:2:58;;<Foster>;<76561198093965225>;<8532.588867, 342.799866, 8036.633789>;picked the item;Codeine Pills;
2025-5-31;3:2:58;;<Foster>;<76561198093965225>;<8532.588867, 342.799866, 8036.633789>;picked the item;IV Saline Bag;
2025-5-31;3:2:58;;<Foster>;<76561198093965225>;<8532.588867, 342.799866, 8036.633789>;picked the item;.308 WIN Rounds;
2025-5-31;3:2:58;;<Foster>;<76561198093965225>;<8532.588867, 342.799866, 8036.633789>;picked the item;#STR_TERJEMED_NUROFEN;
2025-5-31;3:2:58;;<Foster>;<76561198093965225>;<8532.588867, 342.799866, 8036.633789>;picked the item;#STR_TERJEMED_NOOPEPT;
2025-5-31;3:2:58;;<Foster>;<76561198093965225>;<8532.588867, 342.799866, 8036.633789>;picked the item;#STR_TERJEMED_POLISORB;
2025-5-31;3:2:58;;<Foster>;<76561198093965225>;<8532.588867, 342.799866, 8036.633789>;picked the item;Boxed 5.56x45mm Rounds;
2025-5-31;3:2:58;;<Foster>;<76561198093965225>;<8532.588867, 342.799866, 8036.633789>;picked the item;Boxed .308 WIN Rounds;
2025-5-31;3:2:58;;<Foster>;<76561198093965225>;<8532.588867, 342.799866, 8036.633789>;picked the item;MMG IFAK Multicam Tropic;
2025-5-31;3:2:58;;<Foster>;<76561198093965225>;<8532.588867, 342.799866, 8036.633789>;picked the item;MMG Tactical Pouch Erdl;
2025-5-31;3:2:58;;<Foster>;<76561198093965225>;<8532.588867, 342.799866, 8036.633789>;picked the item;Magazine OMEN;
2025-5-31;3:2:58;;<Foster>;<76561198093965225>;<8532.588867, 342.799866, 8036.633789>;picked the item;#STR_TERJEMED_SURGKIT_NAME;
2025-5-31;3:2:58;;<Foster>;<76561198093965225>;<8532.588867, 342.799866, 8036.633789>;picked the item;Saline Bag;
2025-5-31;3:2:58;;<Foster>;<76561198093965225>;<8532.588867, 342.799866, 8036.633789>;picked the item;Magazine OMEN;
2025-5-31;3:2:58;;<Foster>;<76561198093965225>;<8532.588867, 342.799866, 8036.633789>;picked the item;MMG Bottle Black;
2025-5-31;3:2:58;;<Foster>;<76561198093965225>;<8532.588867, 342.799866, 8036.633789>;picked the item;Chlorine Tablets;
2025-5-31;3:2:58;;<Foster>;<76561198093965225>;<8532.588867, 342.799866, 8036.633789>;picked the item;1-M8 Smoke Grenade;
2025-5-31;3:2:58;;<Foster>;<76561198093965225>;<8532.588867, 342.799866, 8036.633789>;picked the item;MMG Operatorshirt Dark Woodland;
2025-5-31;3:2:58;;<Foster>;<76561198093965225>;<8532.588867, 342.799866, 8036.633789>;picked the item;Bandage;
2025-5-31;3:2:58;;<Foster>;<76561198093965225>;<8532.588867, 342.799866, 8036.633789>;picked the item;#STR_TERJEMED_PLASTER_NAME;
2025-5-31;3:2:58;;<Foster>;<76561198093965225>;<8532.588867, 342.799866, 8036.633789>;picked the item;#STR_TERJEMED_CAPSICUM;
2025-5-31;3:2:58;;<Foster>;<76561198093965225>;<8532.588867, 342.799866, 8036.633789>;picked the item;#STR_TERJEMED_SURGTOOLS_NAME;
2025-5-31;3:2:58;;<Foster>;<76561198093965225>;<8532.588867, 342.799866, 8036.633789>;picked the item;Komrad 12;
2025-5-31;3:2:58;;<Foster>;<76561198093965225>;<8532.588867, 342.799866, 8036.633789>;picked the item;MMG Falcon Belt MulticamBlack;
2025-5-31;3:2:58;;<Foster>;<76561198093965225>;<8532.588867, 342.799866, 8036.633789>;picked the item;MMG Holster Tan;
2025-5-31;3:2:58;;<Foster>;<76561198093965225>;<8532.588867, 342.799866, 8036.633789>;picked the item;Mlock-91;
2025-5-31;3:2:58;;<Foster>;<76561198093965225>;<8532.588867, 342.799866, 8036.633789>;picked the item;Magazine Glock19;
2025-5-31;3:2:58;;<Foster>;<76561198093965225>;<8532.588867, 342.799866, 8036.633789>;picked the item;MMG Tactical Pouch MulticamBlack;
2025-5-31;3:2:58;;<Foster>;<76561198093965225>;<8532.588867, 342.799866, 8036.633789>;picked the item;Pipe Wrench;
2025-5-31;3:2:58;;<Foster>;<76561198093965225>;<8532.588867, 342.799866, 8036.633789>;picked the item;MMG IFAK Olive;
2025-5-31;3:2:58;;<Foster>;<76561198093965225>;<8532.588867, 342.799866, 8036.633789>;picked the item;MMG Bottle Multicam Tropic;
2025-5-31;3:2:58;;<Foster>;<76561198093965225>;<8532.588867, 342.799866, 8036.633789>;picked the item;MMG Climbing Carbine Black;
2025-5-31;3:2:58;;<Foster>;<76561198093965225>;<8532.588867, 342.799866, 8036.633789>;picked the item;Sheath;
2025-5-31;3:2:58;;<Foster>;<76561198093965225>;<8532.588867, 342.799866, 8036.633789>;picked the item;Combat Knife;
2025-5-31;3:2:58;;<Foster>;<76561198093965225>;<8532.588867, 342.799866, 8036.633789>;picked the item;OMEN;
2025-5-31;3:2:58;;<Foster>;<76561198093965225>;<8532.588867, 342.799866, 8036.633789>;picked the item;1P69 Hyperon;
2025-5-31;3:2:58;;<Foster>;<76561198093965225>;<8532.588867, 342.799866, 8036.633789>;picked the item;Зенит РК5;
2025-5-31;3:2:58;;<Foster>;<76561198093965225>;connected;;;;;
2025-5-31;3:3:3;;<kulitipapuliti>;<76561198160896450>;<8546.875000, 337.186432, 8052.478516>;picked the item;Improvised Hands Wrapping;
2025-5-31;3:3:3;;<kulitipapuliti>;<76561198160896450>;<8546.875000, 337.186432, 8052.478516>;picked the item;MMG Combat Headphones Black;
2025-5-31;3:3:3;;<kulitipapuliti>;<76561198160896450>;<8546.875000, 337.186432, 8052.478516>;picked the item;9V Battery;
2025-5-31;3:3:3;;<kulitipapuliti>;<76561198160896450>;<8546.875000, 337.186432, 8052.478516>;picked the item;Ribak Shoes;
2025-5-31;3:3:3;;<kulitipapuliti>;<76561198160896450>;<8546.875000, 337.186432, 8052.478516>;picked the item;MMG Striker Helmet UCP;
2025-5-31;3:3:3;;<kulitipapuliti>;<76561198160896450>;<8546.875000, 337.186432, 8052.478516>;picked the item;Universal Flashlight;
2025-5-31;3:3:3;;<kulitipapuliti>;<76561198160896450>;<8546.875000, 337.186432, 8052.478516>;picked the item;9V Battery;
2025-5-31;3:3:3;;<kulitipapuliti>;<76561198160896450>;<8546.875000, 337.186432, 8052.478516>;picked the item;Потертий Ведмедик №1;
2025-5-31;3:3:3;;<kulitipapuliti>;<76561198160896450>;<8546.875000, 337.186432, 8052.478516>;picked the item;MMG Tac-Goggles Tan;
2025-5-31;3:3:3;;<kulitipapuliti>;<76561198160896450>;<8546.875000, 337.186432, 8052.478516>;picked the item;MMG Facemask Joker;
2025-5-31;3:3:3;;<kulitipapuliti>;<76561198160896450>;<8546.875000, 337.186432, 8052.478516>;picked the item;MMG Camelback Black;
2025-5-31;3:3:3;;<kulitipapuliti>;<76561198160896450>;<8546.875000, 337.186432, 8052.478516>;picked the item;MMG Bottle Black;
2025-5-31;3:3:3;;<kulitipapuliti>;<76561198160896450>;<8546.875000, 337.186432, 8052.478516>;picked the item;6-M7 Frag Grenade;
2025-5-31;3:3:3;;<kulitipapuliti>;<76561198160896450>;<8546.875000, 337.186432, 8052.478516>;picked the item;Handheld Transceiver;
2025-5-31;3:3:3;;<kulitipapuliti>;<76561198160896450>;<8546.875000, 337.186432, 8052.478516>;picked the item;9V Battery;
2025-5-31;3:3:3;;<kulitipapuliti>;<76561198160896450>;<8546.875000, 337.186432, 8052.478516>;picked the item;MMG IFAK Alpine;
2025-5-31;3:3:3;;<kulitipapuliti>;<76561198160896450>;<8546.875000, 337.186432, 8052.478516>;picked the item;Glow Stick;
2025-5-31;3:3:3;;<kulitipapuliti>;<76561198160896450>;<8546.875000, 337.186432, 8052.478516>;picked the item;KelTec SUB 2000;
2025-5-31;3:3:3;;<kulitipapuliti>;<76561198160896450>;<8546.875000, 337.186432, 8052.478516>;picked the item;Baraka Sights;
2025-5-31;3:3:3;;<kulitipapuliti>;<76561198160896450>;<8546.875000, 337.186432, 8052.478516>;picked the item;9V Battery;
2025-5-31;3:3:3;;<kulitipapuliti>;<76561198160896450>;<8546.875000, 337.186432, 8052.478516>;picked the item;Zenit2u;
2025-5-31;3:3:3;;<kulitipapuliti>;<76561198160896450>;<8546.875000, 337.186432, 8052.478516>;picked the item;Magazine KelTec SUB 2000;
2025-5-31;3:3:3;;<kulitipapuliti>;<76561198160896450>;<8546.875000, 337.186432, 8052.478516>;picked the item;EGD-5 Frag Grenade;
2025-5-31;3:3:3;;<kulitipapuliti>;<76561198160896450>;<8546.875000, 337.186432, 8052.478516>;picked the item;MMG Falcon Belt Alpine;
2025-5-31;3:3:3;;<kulitipapuliti>;<76561198160896450>;<8546.875000, 337.186432, 8052.478516>;picked the item;MMG Plate Carrier Holster Dark Woodland;
2025-5-31;3:3:3;;<kulitipapuliti>;<76561198160896450>;<8546.875000, 337.186432, 8052.478516>;picked the item;Derringer;
2025-5-31;3:3:3;;<kulitipapuliti>;<76561198160896450>;<8546.875000, 337.186432, 8052.478516>;picked the item;MMG IFAK Alpine;
2025-5-31;3:3:3;;<kulitipapuliti>;<76561198160896450>;<8546.875000, 337.186432, 8052.478516>;picked the item;Road Flare;
2025-5-31;3:3:3;;<kulitipapuliti>;<76561198160896450>;<8546.875000, 337.186432, 8052.478516>;picked the item;Rangefinder;
2025-5-31;3:3:3;;<kulitipapuliti>;<76561198160896450>;<8546.875000, 337.186432, 8052.478516>;picked the item;9V Battery;
2025-5-31;3:3:3;;<kulitipapuliti>;<76561198160896450>;<8546.875000, 337.186432, 8052.478516>;picked the item;Oil filter silencer;
2025-5-31;3:3:3;;<kulitipapuliti>;<76561198160896450>;<8546.875000, 337.186432, 8052.478516>;picked the item;Crowbar;
2025-5-31;3:3:3;;<kulitipapuliti>;<76561198160896450>;<8546.875000, 337.186432, 8052.478516>;picked the item;Canteen;
2025-5-31;3:3:3;;<kulitipapuliti>;<76561198160896450>;<8546.875000, 337.186432, 8052.478516>;picked the item;MMG Tactical Pants Erdl;
2025-5-31;3:3:3;;<kulitipapuliti>;<76561198160896450>;<8546.875000, 337.186432, 8052.478516>;picked the item;MMG CRYE-JPC Black;
2025-5-31;3:3:3;;<kulitipapuliti>;<76561198160896450>;<8546.875000, 337.186432, 8052.478516>;picked the item;MMG triple MagPouch Dark Woodland;
2025-5-31;3:3:3;;<kulitipapuliti>;<76561198160896450>;<8546.875000, 337.186432, 8052.478516>;picked the item;9x19mm Rounds;
2025-5-31;3:3:3;;<kulitipapuliti>;<76561198160896450>;<8546.875000, 337.186432, 8052.478516>;picked the item;Magazine KelTec SUB 2000;
2025-5-31;3:3:3;;<kulitipapuliti>;<76561198160896450>;<8546.875000, 337.186432, 8052.478516>;picked the item;30rd Standardized Mag;
2025-5-31;3:3:3;;<kulitipapuliti>;<76561198160896450>;<8546.875000, 337.186432, 8052.478516>;picked the item;30rd Mag-C Mag;
2025-5-31;3:3:3;;<kulitipapuliti>;<76561198160896450>;<8546.875000, 337.186432, 8052.478516>;picked the item;MMG EOD Pouch Multicam;
2025-5-31;3:3:3;;<kulitipapuliti>;<76561198160896450>;<8546.875000, 337.186432, 8052.478516>;picked the item;Disinfectant Spray;
2025-5-31;3:3:3;;<kulitipapuliti>;<76561198160896450>;<8546.875000, 337.186432, 8052.478516>;picked the item;Rag;
2025-5-31;3:3:3;;<kulitipapuliti>;<76561198160896450>;<8546.875000, 337.186432, 8052.478516>;picked the item;Gun Cleaning Kit;
2025-5-31;3:3:3;;<kulitipapuliti>;<76561198160896450>;<8546.875000, 337.186432, 8052.478516>;picked the item;#STR_TERJEMED_ZIVIROL;
2025-5-31;3:3:3;;<kulitipapuliti>;<76561198160896450>;<8546.875000, 337.186432, 8052.478516>;picked the item;Bandage;
2025-5-31;3:3:3;;<kulitipapuliti>;<76561198160896450>;<8546.875000, 337.186432, 8052.478516>;picked the item;Bandage;
2025-5-31;3:3:3;;<kulitipapuliti>;<76561198160896450>;<8546.875000, 337.186432, 8052.478516>;picked the item;#STR_TERJEMED_SURGTOOLS_NAME;
2025-5-31;3:3:3;;<kulitipapuliti>;<76561198160896450>;<8546.875000, 337.186432, 8052.478516>;picked the item;#STR_TERJEMED_AMOXICLAV;
2025-5-31;3:3:3;;<kulitipapuliti>;<76561198160896450>;<8546.875000, 337.186432, 8052.478516>;picked the item;Fronta Lemonade;
2025-5-31;3:3:3;;<kulitipapuliti>;<76561198160896450>;<8546.875000, 337.186432, 8052.478516>;picked the item;#STR_TERJEMED_SURGKIT_NAME;
2025-5-31;3:3:3;;<kulitipapuliti>;<76561198160896450>;<8546.875000, 337.186432, 8052.478516>;picked the item;Fronta Lemonade;
2025-5-31;3:3:3;;<kulitipapuliti>;<76561198160896450>;<8546.875000, 337.186432, 8052.478516>;picked the item;MMG IFAK Tan;
2025-5-31;3:3:3;;<kulitipapuliti>;<76561198160896450>;<8546.875000, 337.186432, 8052.478516>;picked the item;Ключ від касового апарату;
2025-5-31;3:3:3;;<kulitipapuliti>;<76561198160896450>;<8546.875000, 337.186432, 8052.478516>;picked the item;.357 Rounds;
2025-5-31;3:3:3;;<kulitipapuliti>;<76561198160896450>;<8546.875000, 337.186432, 8052.478516>;picked the item;Lighter;
2025-5-31;3:3:3;;<kulitipapuliti>;<76561198160896450>;<8546.875000, 337.186432, 8052.478516>;picked the item;Bone Knife;
2025-5-31;3:3:3;;<kulitipapuliti>;<76561198160896450>;<8546.875000, 337.186432, 8052.478516>;picked the item;Bone Knife;
2025-5-31;3:3:3;;<kulitipapuliti>;<76561198160896450>;<8546.875000, 337.186432, 8052.478516>;picked the item;MMG Balaclava Alpine;
2025-5-31;3:3:3;;<kulitipapuliti>;<76561198160896450>;<8546.875000, 337.186432, 8052.478516>;picked the item;Surgical Gloves;
2025-5-31;3:3:3;;<kulitipapuliti>;<76561198160896450>;<8546.875000, 337.186432, 8052.478516>;picked the item;MMG Sheath Dark Woodland;
2025-5-31;3:3:3;;<kulitipapuliti>;<76561198160896450>;<8546.875000, 337.186432, 8052.478516>;picked the item;Hunting Knife;
2025-5-31;3:3:3;;<kulitipapuliti>;<76561198160896450>;<8546.875000, 337.186432, 8052.478516>;picked the item;MMG Operatorshirt Multicam;
2025-5-31;3:3:3;;<kulitipapuliti>;<76561198160896450>;<8546.875000, 337.186432, 8052.478516>;picked the item;Kukri;
2025-5-31;3:3:3;;<kulitipapuliti>;<76561198160896450>;<8546.875000, 337.186432, 8052.478516>;picked the item;9V Battery;
2025-5-31;3:3:3;;<kulitipapuliti>;<76561198160896450>;<8546.875000, 337.186432, 8052.478516>;picked the item;9V Battery;
2025-5-31;3:3:3;;<kulitipapuliti>;<76561198160896450>;<8546.875000, 337.186432, 8052.478516>;picked the item;#STR_MEDCONTAINER_AFAK_NAME;
2025-5-31;3:3:3;;<kulitipapuliti>;<76561198160896450>;<8546.875000, 337.186432, 8052.478516>;picked the item;Ключ від касового апарату;
2025-5-31;3:3:3;;<kulitipapuliti>;<76561198160896450>;<8546.875000, 337.186432, 8052.478516>;picked the item;Ключ від касового апарату;
2025-5-31;3:3:3;;<kulitipapuliti>;<76561198160896450>;<8546.875000, 337.186432, 8052.478516>;picked the item;Tomato;
2025-5-31;3:3:3;;<kulitipapuliti>;<76561198160896450>;<8546.875000, 337.186432, 8052.478516>;picked the item;Tomato;
2025-5-31;3:3:3;;<kulitipapuliti>;<76561198160896450>;<8546.875000, 337.186432, 8052.478516>;picked the item;Tomato;
2025-5-31;3:3:3;;<kulitipapuliti>;<76561198160896450>;<8546.875000, 337.186432, 8052.478516>;picked the item;Tomato;
2025-5-31;3:3:3;;<kulitipapuliti>;<76561198160896450>;<8546.875000, 337.186432, 8052.478516>;picked the item;Tomato;
2025-5-31;3:3:3;;<kulitipapuliti>;<76561198160896450>;<8546.875000, 337.186432, 8052.478516>;picked the item;Tomato;
2025-5-31;3:3:3;;<kulitipapuliti>;<76561198160896450>;<8546.875000, 337.186432, 8052.478516>;picked the item;Tomato;
2025-5-31;3:3:3;;<kulitipapuliti>;<76561198160896450>;<8546.875000, 337.186432, 8052.478516>;picked the item;Tomato;
2025-5-31;3:3:3;;<kulitipapuliti>;<76561198160896450>;<8546.875000, 337.186432, 8052.478516>;picked the item;Tomato;
2025-5-31;3:3:3;;<kulitipapuliti>;<76561198160896450>;<8546.875000, 337.186432, 8052.478516>;picked the item;Road Flare;
2025-5-31;3:3:3;;<kulitipapuliti>;<76561198160896450>;<8546.875000, 337.186432, 8052.478516>;picked the item;Chlorine Tablets;
2025-5-31;3:3:3;;<kulitipapuliti>;<76561198160896450>;<8546.875000, 337.186432, 8052.478516>;picked the item;9V Battery;
2025-5-31;3:3:3;;<kulitipapuliti>;<76561198160896450>;<8546.875000, 337.186432, 8052.478516>;picked the item;Road Flare;
2025-5-31;3:3:3;;<kulitipapuliti>;<76561198160896450>;<8546.875000, 337.186432, 8052.478516>;picked the item;Road Flare;
2025-5-31;3:3:3;;<kulitipapuliti>;<76561198160896450>;<8546.875000, 337.186432, 8052.478516>;picked the item;HK416;
2025-5-31;3:3:3;;<kulitipapuliti>;<76561198160896450>;<8546.875000, 337.186432, 8052.478516>;picked the item;AX338 Scope;
2025-5-31;3:3:3;;<kulitipapuliti>;<76561198160896450>;<8546.875000, 337.186432, 8052.478516>;picked the item;FabDefence GL Core;
2025-5-31;3:3:3;;<kulitipapuliti>;<76561198160896450>;<8546.875000, 337.186432, 8052.478516>;picked the item;AR15TacticalDynamicsHexgrip;
2025-5-31;3:3:3;;<kulitipapuliti>;<76561198160896450>;<8546.875000, 337.186432, 8052.478516>;picked the item;Vtac UVG;
2025-5-31;3:3:3;;<kulitipapuliti>;<76561198160896450>;<8546.875000, 337.186432, 8052.478516>;picked the item;SteinerLasTactical;
2025-5-31;3:3:3;;<kulitipapuliti>;<76561198160896450>;<8546.875000, 337.186432, 8052.478516>;picked the item;30rd Mag-C Mag;
2025-5-31;3:3:3;;<kulitipapuliti>;<76561198160896450>;connected;;;;;
2025-5-31;3:3:13;;<Foster>;<76561198093965225>;<8532.588867, 342.799866, 8036.633789>;picked the item;#cp_vacuum_bagger0;
2025-5-31;3:3:27;;<Foster>;<76561198093965225>;<8532.194336, 342.807068, 8036.747070>;dropped the item;#cp_vacuum_bagger0;
2025-5-31;3:3:28;;<Foster>;<76561198093965225>;<8532.194336, 342.807068, 8036.747070>;picked the item;#cp_vacuum_bagger0;
2025-5-31;3:3:34;;<Foster>;<76561198093965225>;<8539.217773, 342.682098, 8032.416992>;picked the item;KA Wooden Buttstock;
2025-5-31;3:3:38;;<Foster>;<76561198093965225>;<8539.771484, 342.670837, 8033.020508>;ActionOpenOH_furniture;NULL;
2025-5-31;3:3:42;;<Foster>;<76561198093965225>;<8539.912109, 342.668365, 8032.906250>;dropped the item;KA Wooden Buttstock;
2025-5-31;3:3:43;;<Foster>;<76561198093965225>;<8539.690430, 342.710541, 8034.234863>;ActionCloseOH_furniture;NULL;
2025-5-31;3:3:44;;<Foster>;<76561198093965225>;<8539.690430, 342.710541, 8034.234863>;ActionOpenOH_furniture;NULL;
2025-5-31;3:3:47;;<Foster>;<76561198093965225>;<8539.690430, 342.710541, 8034.234863>;dropped the item;Саморобка сумка з мішкової тканини та брезента;
2025-5-31;3:3:55;;<Foster>;<76561198093965225>;<8539.690430, 342.710541, 8034.234863>;dropped the item;Sewing Kit;
2025-5-31;3:3:57;;<Foster>;<76561198093965225>;<8539.690430, 342.710541, 8034.234863>;dropped the item;Electrical Repair Kit;
2025-5-31;3:3:58;;<Foster>;<76561198093965225>;<8539.690430, 342.710541, 8034.234863>;dropped the item;Epoxy Putty;
2025-5-31;3:3:59;;<Foster>;<76561198093965225>;<8539.690430, 342.710541, 8034.234863>;dropped the item;WD40;
2025-5-31;3:4:1;;<Foster>;<76561198093965225>;<8539.690430, 342.710541, 8034.234863>;dropped the item;#STR_TERJEMED_ZIVIROL;
2025-5-31;3:4:2;;<Foster>;<76561198093965225>;<8539.690430, 342.710541, 8034.234863>;dropped the item;#STR_TERJEMED_AMOXICLAV;
2025-5-31;3:4:4;;<Foster>;<76561198093965225>;<8539.690430, 342.710541, 8034.234863>;dropped the item;#cp_vacuum_bagger0;
2025-5-31;3:4:6;;<Foster>;<76561198093965225>;<8539.690430, 342.710541, 8034.234863>;dropped the item;#cp_purple_kush_weed_brick0;
2025-5-31;3:4:7;;<Foster>;<76561198093965225>;<8539.690430, 342.710541, 8034.234863>;dropped the item;#STR_TERJEMED_ZIVIROL;
2025-5-31;3:4:8;;<Foster>;<76561198093965225>;<8539.690430, 342.710541, 8034.234863>;dropped the item;Alcoholic Tincture;
2025-5-31;3:4:10;;<kulitipapuliti>;<76561198160896450>;<8546.976563, 337.187256, 8053.428223>;ActionTurnOnHelmetFlashlight;NULL;
2025-5-31;3:4:10;;<Foster>;<76561198093965225>;<8539.690430, 342.710541, 8034.234863>;dropped the item;#STR_TERJEMED_SURGTOOLS_NAME;
2025-5-31;3:4:12;;<Foster>;<76561198093965225>;<8539.690430, 342.710541, 8034.234863>;dropped the item;Tire Repair Kit;
2025-5-31;3:4:12;;<kulitipapuliti>;<76561198160896450>;<8552.518555, 336.733398, 8051.721680>;ActionTurnOffHelmetFlashlight;NULL;
2025-5-31;3:4:13;;<Foster>;<76561198093965225>;<8539.690430, 342.710541, 8034.234863>;dropped the item;Sharpening Stone;
2025-5-31;3:4:16;;<Foster>;<76561198093965225>;<8539.690430, 342.710541, 8034.234863>;dropped the item;Gun Cleaning Kit;
2025-5-31;3:4:17;;<Foster>;<76561198093965225>;<8539.690430, 342.710541, 8034.234863>;dropped the item;#STR_TERJEMED_SURGKIT_NAME;
2025-5-31;3:4:18;;<Foster>;<76561198093965225>;<8539.690430, 342.710541, 8034.234863>;dropped the item;adhesive tape;
2025-5-31;3:4:19;;<kulitipapuliti>;<76561198160896450>;<8549.832031, 338.373199, 8049.923340>;ActionSwitchLights;NULL;
2025-5-31;3:4:20;;<Foster>;<76561198093965225>;<8539.690430, 342.710541, 8034.234863>;dropped the item;Police key;
2025-5-31;3:4:21;;<Foster>;<76561198093965225>;<8539.690430, 342.710541, 8034.234863>;dropped the item;Sandpaper;
2025-5-31;3:4:23;;<Foster>;<76561198093965225>;<8539.690430, 342.710541, 8034.234863>;dropped the item;#cp_marijuana_cigarettes_purple_kush0;
2025-5-31;3:4:25;;<Foster>;<76561198093965225>;<8539.690430, 342.710541, 8034.234863>;dropped the item;#STR_MEDCONTAINER_IFAK_NAME;
2025-5-31;3:4:27;;<Foster>;<76561198093965225>;<8539.690430, 342.710541, 8034.234863>;dropped the item;#STR_TERJEMED_NEIROX;
2025-5-31;3:4:29;;<Foster>;<76561198093965225>;<8539.690430, 342.710541, 8034.234863>;dropped the item;#STR_TERJEMED_SURGTOOLS_NAME;
2025-5-31;3:4:30;;<Foster>;<76561198093965225>;<8539.690430, 342.710541, 8034.234863>;dropped the item;40mm Explosive Grenade;
2025-5-31;3:4:32;;<Foster>;<76561198093965225>;<8539.690430, 342.710541, 8034.234863>;dropped the item;#cp_packed_tobacco_seeds0;
2025-5-31;3:4:34;;<Foster>;<76561198093965225>;<8539.690430, 342.710541, 8034.234863>;dropped the item;#cp_packed_cannabis_skunk_seeds0;
2025-5-31;3:4:35;;<Foster>;<76561198093965225>;<8539.690430, 342.710541, 8034.234863>;dropped the item;#cp_packed_purple_kush_cannabis_seeds0;
2025-5-31;3:4:36;;<Foster>;<76561198093965225>;<8539.690430, 342.710541, 8034.234863>;dropped the item;#cp_packed_blue_god_cannabis_seeds0;
2025-5-31;3:4:38;;<Foster>;<76561198093965225>;<8539.690430, 342.710541, 8034.234863>;dropped the item;Medical key;
2025-5-31;3:4:40;;<Foster>;<76561198093965225>;<8539.690430, 342.710541, 8034.234863>;dropped the item;Morphine Auto-Injector;
2025-5-31;3:4:42;;<Foster>;<76561198093965225>;<8539.690430, 342.710541, 8034.234863>;dropped the item;#STR_TERJEDRINK_MADBULL_NAME;
2025-5-31;3:4:43;;<Foster>;<76561198093965225>;<8539.690430, 342.710541, 8034.234863>;dropped the item;#STR_TERJEDRINK_MADBULL_NAME;
2025-5-31;3:4:46;;<Foster>;<76561198093965225>;<8539.690430, 342.710541, 8034.234863>;dropped the item;Crowbar;
2025-5-31;3:4:47;;<Foster>;<76561198093965225>;<8539.690430, 342.710541, 8034.234863>;dropped the item;.308 WIN Rounds;
2025-5-31;3:4:52;;<kulitipapuliti>;<76561198160896450>;<8544.124023, 338.690369, 8045.948730>;ActionSwitchLights;NULL;
2025-5-31;3:4:53;;<kulitipapuliti>;<76561198160896450>;<8544.124023, 338.690399, 8045.948730>;ActionStopEngine;NULL;
2025-5-31;3:4:59;;<Foster>;<76561198093965225>;<8539.690430, 342.710541, 8034.234863>;dropped the item;Ghillie Rifle Wrap;
2025-5-31;3:4:59;;<kulitipapuliti>;<76561198160896450>;<8546.614258, 337.132751, 8041.747070>;ActionTurnOnHelmetFlashlight;NULL;
2025-5-31;3:5:1;;<kulitipapuliti>;<76561198160896450>;<8541.371094, 338.806854, 8038.728027>;ActionInteractLockOnFence;NULL;
2025-5-31;3:5:2;;<kulitipapuliti>;<76561198160896450>;<8540.741211, 338.819092, 8038.438965>;ActionCloseFence;NULL;
2025-5-31;3:5:2;;<kulitipapuliti>;<76561198160896450>;<8540.741211, 338.819092, 8038.438965>;ActionInteractLockOnFence;NULL;
2025-5-31;3:5:4;;<Foster>;<76561198093965225>;<8539.690430, 342.710541, 8034.234863>;dropped the item;Suppressor AK PBS-4;
2025-5-31;3:5:4;;<kulitipapuliti>;<76561198160896450>;<8537.736328, 338.876068, 8037.872559>;ActionCloseFence;NULL;
2025-5-31;3:5:6;;<kulitipapuliti>;<76561198160896450>;<8537.734375, 338.875031, 8038.671387>;ActionOpenVirtualGarage;NULL;
2025-5-31;3:5:7;;<Foster>;<76561198093965225>;<8539.690430, 342.710541, 8034.234863>;dropped the item;Pipe Wrench;
2025-5-31;3:5:15;;<kulitipapuliti>;<76561198160896450>;<8534.586914, 342.771698, 8030.374023>;ActionTurnOffHelmetFlashlight;NULL;
2025-5-31;3:5:24;;<kulitipapuliti>;<76561198160896450>;disconnected;;;;;
2025-5-31;3:5:39;;<Foster>;<76561198093965225>;disconnected;;;;;
2025-5-31;6:49:59;;<Butch>;<76561199023755511>;<2701.330566, 214.231277, 5600.478516>;picked the item;Classic Glasses;
2025-5-31;6:49:59;;<Butch>;<76561199023755511>;<2701.330566, 214.231277, 5600.478516>;picked the item;MMG Striker Helmet Atacs;
2025-5-31;6:49:59;;<Butch>;<76561199023755511>;<2701.330566, 214.231277, 5600.478516>;picked the item;Steiner9021;
2025-5-31;6:49:59;;<Butch>;<76561199023755511>;<2701.330566, 214.231277, 5600.478516>;picked the item;9V Battery;
2025-5-31;6:49:59;;<Butch>;<76561199023755511>;<2701.330566, 214.231277, 5600.478516>;picked the item;Ribak Shoes;
2025-5-31;6:49:59;;<Butch>;<76561199023755511>;<2701.330566, 214.231277, 5600.478516>;picked the item;Потертий Ведмедик №1;
2025-5-31;6:49:59;;<Butch>;<76561199023755511>;<2701.330566, 214.231277, 5600.478516>;picked the item;.22 LR Rounds;
2025-5-31;6:49:59;;<Butch>;<76561199023755511>;<2701.330566, 214.231277, 5600.478516>;picked the item;Lighter;
2025-5-31;6:49:59;;<Butch>;<76561199023755511>;<2701.330566, 214.231277, 5600.478516>;picked the item;Matches;
2025-5-31;6:49:59;;<Butch>;<76561199023755511>;<2701.330566, 214.231277, 5600.478516>;picked the item;Zmiovka;
2025-5-31;6:49:59;;<Butch>;<76561199023755511>;<2701.330566, 214.231277, 5600.478516>;picked the item;Fingerless Gloves;
2025-5-31;6:49:59;;<Butch>;<76561199023755511>;<2701.330566, 214.231277, 5600.478516>;picked the item;MMG Falcon Belt MulticamBlack;
2025-5-31;6:49:59;;<Butch>;<76561199023755511>;<2701.330566, 214.231277, 5600.478516>;picked the item;MMG Sheath Black;
2025-5-31;6:49:59;;<Butch>;<76561199023755511>;<2701.330566, 214.231277, 5600.478516>;picked the item;Hunting Knife;
2025-5-31;6:49:59;;<Butch>;<76561199023755511>;<2701.330566, 214.231277, 5600.478516>;picked the item;PO-X Antidote;
2025-5-31;6:49:59;;<Butch>;<76561199023755511>;<2701.330566, 214.231277, 5600.478516>;picked the item;MMG Tactical Pouch Dark Woodland;
2025-5-31;6:49:59;;<Butch>;<76561199023755511>;<2701.330566, 214.231277, 5600.478516>;picked the item;adhesive tape;
2025-5-31;6:49:59;;<Butch>;<76561199023755511>;<2701.330566, 214.231277, 5600.478516>;picked the item;#STR_TERJEMED_BANDAGE_NAME;
2025-5-31;6:49:59;;<Butch>;<76561199023755511>;<2701.330566, 214.231277, 5600.478516>;picked the item;Ключ від касового апарату;
2025-5-31;6:49:59;;<Butch>;<76561199023755511>;<2701.330566, 214.231277, 5600.478516>;picked the item;.380 ACP Rounds;
2025-5-31;6:49:59;;<Butch>;<76561199023755511>;<2701.330566, 214.231277, 5600.478516>;picked the item;.380 ACP Rounds;
2025-5-31;6:49:59;;<Butch>;<76561199023755511>;<2701.330566, 214.231277, 5600.478516>;picked the item;12rd IJ-70 Mag;
2025-5-31;6:49:59;;<Butch>;<76561199023755511>;<2701.330566, 214.231277, 5600.478516>;picked the item;15rd FX-45 Mag;
2025-5-31;6:49:59;;<Butch>;<76561199023755511>;<2701.330566, 214.231277, 5600.478516>;picked the item;15rd FX-45 Mag;
2025-5-31;6:49:59;;<Butch>;<76561199023755511>;<2701.330566, 214.231277, 5600.478516>;picked the item;Firefighter Helmet;
2025-5-31;6:49:59;;<Butch>;<76561199023755511>;<2701.330566, 214.231277, 5600.478516>;picked the item;Can Opener;
2025-5-31;6:49:59;;<Butch>;<76561199023755511>;<2701.330566, 214.231277, 5600.478516>;picked the item;12ga Rifled Slugs;
2025-5-31;6:49:59;;<Butch>;<76561199023755511>;<2701.330566, 214.231277, 5600.478516>;picked the item;15rd CR-75 Mag;
2025-5-31;6:49:59;;<Butch>;<76561199023755511>;<2701.330566, 214.231277, 5600.478516>;picked the item;MMG IFAK Tan;
2025-5-31;6:49:59;;<Butch>;<76561199023755511>;<2701.330566, 214.231277, 5600.478516>;picked the item;Note;
2025-5-31;6:49:59;;<Butch>;<76561199023755511>;<2701.330566, 214.231277, 5600.478516>;picked the item;#STR_TERJEMED_EXPRESSTESTPH_NAME;
2025-5-31;6:49:59;;<Butch>;<76561199023755511>;<2701.330566, 214.231277, 5600.478516>;picked the item;.308 WIN Rounds;
2025-5-31;6:49:59;;<Butch>;<76561199023755511>;<2701.330566, 214.231277, 5600.478516>;picked the item;Crude Machete;
2025-5-31;6:49:59;;<Butch>;<76561199023755511>;<2701.330566, 214.231277, 5600.478516>;picked the item;Flashlight;
2025-5-31;6:49:59;;<Butch>;<76561199023755511>;<2701.330566, 214.231277, 5600.478516>;picked the item;15rd FX-45 Mag;
2025-5-31;6:49:59;;<Butch>;<76561199023755511>;<2701.330566, 214.231277, 5600.478516>;picked the item;MMG Climbing Carbine Black;
2025-5-31;6:49:59;;<Butch>;<76561199023755511>;<2701.330566, 214.231277, 5600.478516>;picked the item;Working Gloves;
2025-5-31;6:49:59;;<Butch>;<76561199023755511>;<2701.330566, 214.231277, 5600.478516>;picked the item;MMG Holster Tan;
2025-5-31;6:49:59;;<Butch>;<76561199023755511>;<2701.330566, 214.231277, 5600.478516>;picked the item;MK II;
2025-5-31;6:49:59;;<Butch>;<76561199023755511>;<2701.330566, 214.231277, 5600.478516>;picked the item;10rd MK II Mag;
2025-5-31;6:49:59;;<Butch>;<76561199023755511>;<2701.330566, 214.231277, 5600.478516>;picked the item;MMG Tactical Pants Tan;
2025-5-31;6:49:59;;<Butch>;<76561199023755511>;<2701.330566, 214.231277, 5600.478516>;picked the item;MMG EOD Pouch Multicam;
2025-5-31;6:49:59;;<Butch>;<76561199023755511>;<2701.330566, 214.231277, 5600.478516>;picked the item;Bizon;
2025-5-31;6:49:59;;<Butch>;<76561199023755511>;<2701.330566, 214.231277, 5600.478516>;picked the item;Bizon Lightweight Buttstock;
2025-5-31;6:49:59;;<Butch>;<76561199023755511>;<2701.330566, 214.231277, 5600.478516>;picked the item;Combat Knife;
2025-5-31;6:49:59;;<Butch>;<76561199023755511>;<2701.330566, 214.231277, 5600.478516>;picked the item;MMG Tactical Boots Tan;
2025-5-31;6:49:59;;<Butch>;<76561199023755511>;<2701.330566, 214.231277, 5600.478516>;picked the item;MMG EOD Pouch Olive;
2025-5-31;6:49:59;;<Butch>;<76561199023755511>;<2701.330566, 214.231277, 5600.478516>;picked the item;EoTech;
2025-5-31;6:49:59;;<Butch>;<76561199023755511>;<2701.330566, 214.231277, 5600.478516>;picked the item;9V Battery;
2025-5-31;6:49:59;;<Butch>;<76561199023755511>;<2701.330566, 214.231277, 5600.478516>;picked the item;Ribak Shoes;
2025-5-31;6:49:59;;<Butch>;<76561199023755511>;<2701.330566, 214.231277, 5600.478516>;picked the item;#STR_TERJEMED_SURGTOOLS_NAME;
2025-5-31;6:49:59;;<Butch>;<76561199023755511>;<2701.330566, 214.231277, 5600.478516>;picked the item;#STR_TERJEMED_SURGTOOLS_NAME;
2025-5-31;6:49:59;;<Butch>;<76561199023755511>;<2701.330566, 214.231277, 5600.478516>;picked the item;Working Gloves;
2025-5-31;6:49:59;;<Butch>;<76561199023755511>;<2701.330566, 214.231277, 5600.478516>;picked the item;Ribak Shoes;
2025-5-31;6:49:59;;<Butch>;<76561199023755511>;<2701.330566, 214.231277, 5600.478516>;picked the item;Brown bandit gloves;
2025-5-31;6:49:59;;<Butch>;<76561199023755511>;<2701.330566, 214.231277, 5600.478516>;picked the item;#STR_TERJEMED_SURGTOOLS_NAME;
2025-5-31;6:49:59;;<Butch>;<76561199023755511>;<2701.330566, 214.231277, 5600.478516>;picked the item;Ribak Shoes;
2025-5-31;6:49:59;;<Butch>;<76561199023755511>;<2701.330566, 214.231277, 5600.478516>;picked the item;#STR_TERJEMED_SURGKIT_NAME;
2025-5-31;6:49:59;;<Butch>;<76561199023755511>;<2701.330566, 214.231277, 5600.478516>;picked the item;Heat Pack;
2025-5-31;6:49:59;;<Butch>;<76561199023755511>;<2701.330566, 214.231277, 5600.478516>;picked the item;MMG EOD Pouch Tan;
2025-5-31;6:49:59;;<Butch>;<76561199023755511>;<2701.330566, 214.231277, 5600.478516>;picked the item;Ключ від касового апарату;
2025-5-31;6:49:59;;<Butch>;<76561199023755511>;<2701.330566, 214.231277, 5600.478516>;picked the item;Ключ від касового апарату;
2025-5-31;6:49:59;;<Butch>;<76561199023755511>;<2701.330566, 214.231277, 5600.478516>;picked the item;9V Battery;
2025-5-31;6:49:59;;<Butch>;<76561199023755511>;<2701.330566, 214.231277, 5600.478516>;picked the item;7.62x54mmR Rounds;
2025-5-31;6:49:59;;<Butch>;<76561199023755511>;<2701.330566, 214.231277, 5600.478516>;picked the item;Heat Pack;
2025-5-31;6:49:59;;<Butch>;<76561199023755511>;<2701.330566, 214.231277, 5600.478516>;picked the item;MMG EOD Pouch UCP;
2025-5-31;6:49:59;;<Butch>;<76561199023755511>;<2701.330566, 214.231277, 5600.478516>;picked the item;Gun Cleaning Kit;
2025-5-31;6:49:59;;<Butch>;<76561199023755511>;<2701.330566, 214.231277, 5600.478516>;picked the item;7.62x54mmR Rounds;
2025-5-31;6:49:59;;<Butch>;<76561199023755511>;<2701.330566, 214.231277, 5600.478516>;picked the item;MMG EOD Pouch Alpine;
2025-5-31;6:49:59;;<Butch>;<76561199023755511>;<2701.330566, 214.231277, 5600.478516>;picked the item;#STR_TERJEMED_SURGTOOLS_NAME;
2025-5-31;6:49:59;;<Butch>;<76561199023755511>;<2701.330566, 214.231277, 5600.478516>;picked the item;#STR_TERJEMED_SURGTOOLS_NAME;
2025-5-31;6:49:59;;<Butch>;<76561199023755511>;<2701.330566, 214.231277, 5600.478516>;picked the item;#STR_TERJEMED_FINALGON;
2025-5-31;6:49:59;;<Butch>;<76561199023755511>;<2701.330566, 214.231277, 5600.478516>;picked the item;MMG Tactical Gloves Green;
2025-5-31;6:49:59;;<Butch>;<76561199023755511>;<2701.330566, 214.231277, 5600.478516>;picked the item;#STR_TERJEMED_VIPROSAL;
2025-5-31;6:49:59;;<Butch>;<76561199023755511>;<2701.330566, 214.231277, 5600.478516>;picked the item;Can Opener;
2025-5-31;6:49:59;;<Butch>;<76561199023755511>;<2701.330566, 214.231277, 5600.478516>;picked the item;MMG Tactical Gloves Multicam;
2025-5-31;6:49:59;;<Butch>;<76561199023755511>;<2701.330566, 214.231277, 5600.478516>;picked the item;sapper shovel;
2025-5-31;6:49:59;;<Butch>;<76561199023755511>;<2701.330566, 214.231277, 5600.478516>;picked the item;MMG EOD Pouch MulticamBlack;
2025-5-31;6:49:59;;<Butch>;<76561199023755511>;<2701.330566, 214.231277, 5600.478516>;picked the item;Canned Pork;
2025-5-31;6:49:59;;<Butch>;<76561199023755511>;<2701.330566, 214.231277, 5600.478516>;picked the item;HoloSight;
2025-5-31;6:49:59;;<Butch>;<76561199023755511>;<2701.330566, 214.231277, 5600.478516>;picked the item;9V Battery;
2025-5-31;6:49:59;;<Butch>;<76561199023755511>;<2701.330566, 214.231277, 5600.478516>;picked the item;9V Battery;
2025-5-31;6:49:59;;<Butch>;<76561199023755511>;<2701.330566, 214.231277, 5600.478516>;picked the item;Head Torch;
2025-5-31;6:49:59;;<Butch>;<76561199023755511>;<2701.330566, 214.231277, 5600.478516>;picked the item;40mm Explosive Grenade;
2025-5-31;6:49:59;;<Butch>;<76561199023755511>;<2701.330566, 214.231277, 5600.478516>;picked the item;Head Torch;
2025-5-31;6:49:59;;<Butch>;<76561199023755511>;<2701.330566, 214.231277, 5600.478516>;picked the item;MMG Combat Headphones Tan;
2025-5-31;6:49:59;;<Butch>;<76561199023755511>;<2701.330566, 214.231277, 5600.478516>;picked the item;9V Battery;
2025-5-31;6:49:59;;<Butch>;<76561199023755511>;<2701.330566, 214.231277, 5600.478516>;picked the item;MMG Operatorshirt UCP;
2025-5-31;6:49:59;;<Butch>;<76561199023755511>;<2701.330566, 214.231277, 5600.478516>;picked the item;Tetracycline Pills;
2025-5-31;6:49:59;;<Butch>;<76561199023755511>;<2701.330566, 214.231277, 5600.478516>;picked the item;#STR_TERJEMED_ADEPRESS;
2025-5-31;6:49:59;;<Butch>;<76561199023755511>;<2701.330566, 214.231277, 5600.478516>;picked the item;Ключ від касового апарату;
2025-5-31;6:49:59;;<Butch>;<76561199023755511>;<2701.330566, 214.231277, 5600.478516>;picked the item;Ключ від касового апарату;
2025-5-31;6:49:59;;<Butch>;<76561199023755511>;<2701.330566, 214.231277, 5600.478516>;picked the item;15rd Mlock-91 Mag;
2025-5-31;6:49:59;;<Butch>;<76561199023755511>;<2701.330566, 214.231277, 5600.478516>;picked the item;Ключ від касового апарату;
2025-5-31;6:49:59;;<Butch>;<76561199023755511>;<2701.330566, 214.231277, 5600.478516>;picked the item;Ключ від касового апарату;
2025-5-31;6:49:59;;<Butch>;<76561199023755511>;<2701.330566, 214.231277, 5600.478516>;picked the item;sneakers from the latest collection;
2025-5-31;6:49:59;;<Butch>;<76561199023755511>;<2701.330566, 214.231277, 5600.478516>;picked the item;Ключ від касового апарату;
2025-5-31;6:49:59;;<Butch>;<76561199023755511>;<2701.330566, 214.231277, 5600.478516>;picked the item;Ключ від касового апарату;
2025-5-31;6:49:59;;<Butch>;<76561199023755511>;<2701.330566, 214.231277, 5600.478516>;picked the item;#STR_TERJEMED_AMOXICLAV;
2025-5-31;6:49:59;;<Butch>;<76561199023755511>;<2701.330566, 214.231277, 5600.478516>;picked the item;Flashlight;
2025-5-31;6:49:59;;<Butch>;<76561199023755511>;<2701.330566, 214.231277, 5600.478516>;picked the item;IJ-70;
2025-5-31;6:49:59;;<Butch>;<76561199023755511>;<2701.330566, 214.231277, 5600.478516>;picked the item;12rd IJ-70 Mag;
2025-5-31;6:49:59;;<Butch>;<76561199023755511>;<2701.330566, 214.231277, 5600.478516>;picked the item;NBC Jacket;
2025-5-31;6:49:59;;<Butch>;<76561199023755511>;<2701.330566, 214.231277, 5600.478516>;picked the item;Combat Knife;
2025-5-31;6:49:59;;<Butch>;<76561199023755511>;<2701.330566, 214.231277, 5600.478516>;picked the item;MMG CRYE-JPC Tan;
2025-5-31;6:49:59;;<Butch>;<76561199023755511>;<2701.330566, 214.231277, 5600.478516>;picked the item;Compass;
2025-5-31;6:49:59;;<Butch>;<76561199023755511>;<2701.330566, 214.231277, 5600.478516>;picked the item;MMG IFAK Dark Woodland;
2025-5-31;6:49:59;;<Butch>;<76561199023755511>;<2701.330566, 214.231277, 5600.478516>;picked the item;MMG CRYE-JPC Olive;
2025-5-31;6:49:59;;<Butch>;<76561199023755511>;<2701.330566, 214.231277, 5600.478516>;picked the item;MMG EOD Pouch UCP;
2025-5-31;6:49:59;;<Butch>;<76561199023755511>;<2701.330566, 214.231277, 5600.478516>;picked the item;Codeine Pills;
2025-5-31;6:49:59;;<Butch>;<76561199023755511>;<2701.330566, 214.231277, 5600.478516>;picked the item;.308 WIN Tracer Rounds;
2025-5-31;6:49:59;;<Butch>;<76561199023755511>;<2701.330566, 214.231277, 5600.478516>;picked the item;9V Battery;
2025-5-31;6:49:59;;<Butch>;<76561199023755511>;<2701.330566, 214.231277, 5600.478516>;picked the item;.308 WIN Tracer Rounds;
2025-5-31;6:49:59;;<Butch>;<76561199023755511>;<2701.330566, 214.231277, 5600.478516>;picked the item;.308 WIN Rounds;
2025-5-31;6:49:59;;<Butch>;<76561199023755511>;<2701.330566, 214.231277, 5600.478516>;picked the item;9V Battery;
2025-5-31;6:49:59;;<Butch>;<76561199023755511>;<2701.330566, 214.231277, 5600.478516>;picked the item;.308 WIN Tracer Rounds;
2025-5-31;6:49:59;;<Butch>;<76561199023755511>;<2701.330566, 214.231277, 5600.478516>;picked the item;MMG Sheath Tan;
2025-5-31;6:49:59;;<Butch>;<76561199023755511>;<2701.330566, 214.231277, 5600.478516>;picked the item;MMG Bottle Multicam;
2025-5-31;6:49:59;;<Butch>;<76561199023755511>;<2701.330566, 214.231277, 5600.478516>;picked the item;MMG Multiple MagPouch Tan;
2025-5-31;6:49:59;;<Butch>;<76561199023755511>;<2701.330566, 214.231277, 5600.478516>;picked the item;7.62x39mm Tracer Rounds;
2025-5-31;6:49:59;;<Butch>;<76561199023755511>;<2701.330566, 214.231277, 5600.478516>;picked the item;Alcoholic Tincture;
2025-5-31;6:49:59;;<Butch>;<76561199023755511>;<2701.330566, 214.231277, 5600.478516>;picked the item;12rd IJ-70 Mag;
2025-5-31;6:49:59;;<Butch>;<76561199023755511>;<2701.330566, 214.231277, 5600.478516>;picked the item;.308 WIN Rounds;
2025-5-31;6:49:59;;<Butch>;<76561199023755511>;<2701.330566, 214.231277, 5600.478516>;picked the item;10rd DMR Mag;
2025-5-31;6:49:59;;<Butch>;<76561199023755511>;<2701.330566, 214.231277, 5600.478516>;picked the item;10rd MK II Mag;
2025-5-31;6:49:59;;<Butch>;<76561199023755511>;<2701.330566, 214.231277, 5600.478516>;picked the item;10rd MK II Mag;
2025-5-31;6:49:59;;<Butch>;<76561199023755511>;<2701.330566, 214.231277, 5600.478516>;picked the item;MMG Camelback Multicam Tropic;
2025-5-31;6:49:59;;<Butch>;<76561199023755511>;<2701.330566, 214.231277, 5600.478516>;picked the item;Bandage;
2025-5-31;6:49:59;;<Butch>;<76561199023755511>;<2701.330566, 214.231277, 5600.478516>;picked the item;Fishing Hook;
2025-5-31;6:49:59;;<Butch>;<76561199023755511>;<2701.330566, 214.231277, 5600.478516>;picked the item;Ключ від касового апарату;
2025-5-31;6:49:59;;<Butch>;<76561199023755511>;<2701.330566, 214.231277, 5600.478516>;picked the item;Nota Cola;
2025-5-31;6:49:59;;<Butch>;<76561199023755511>;<2701.330566, 214.231277, 5600.478516>;picked the item;Chicken Steak;
2025-5-31;6:49:59;;<Butch>;<76561199023755511>;<2701.330566, 214.231277, 5600.478516>;picked the item;9V Battery;
2025-5-31;6:49:59;;<Butch>;<76561199023755511>;<2701.330566, 214.231277, 5600.478516>;picked the item;#STR_TERJEMED_MAGNESIUMSULFATE;
2025-5-31;6:49:59;;<Butch>;<76561199023755511>;<2701.330566, 214.231277, 5600.478516>;picked the item;Spite Lemonade;
2025-5-31;6:49:59;;<Butch>;<76561199023755511>;<2701.330566, 214.231277, 5600.478516>;picked the item;MMG CRYE-JPC Alpine;
2025-5-31;6:49:59;;<Butch>;<76561199023755511>;<2701.330566, 214.231277, 5600.478516>;picked the item;MMG CRYE-JPC UCP;
2025-5-31;6:49:59;;<Butch>;<76561199023755511>;<2701.330566, 214.231277, 5600.478516>;picked the item;Firefighter Jacket;
2025-5-31;6:49:59;;<Butch>;<76561199023755511>;<2701.330566, 214.231277, 5600.478516>;picked the item;Firefighter Pants;
2025-5-31;6:49:59;;<Butch>;<76561199023755511>;<2701.330566, 214.231277, 5600.478516>;picked the item;Crowbar;
2025-5-31;6:49:59;;<Butch>;<76561199023755511>;<2701.330566, 214.231277, 5600.478516>;picked the item;MMG IFAK Atacs-A;
2025-5-31;6:49:59;;<Butch>;<76561199023755511>;<2701.330566, 214.231277, 5600.478516>;picked the item;BK-18;
2025-5-31;6:49:59;;<Butch>;<76561199023755511>;<2701.330566, 214.231277, 5600.478516>;picked the item;Mosin 91/30;
2025-5-31;6:49:59;;<Butch>;<76561199023755511>;<2701.330566, 214.231277, 5600.478516>;picked the item;PU Scope;
2025-5-31;6:49:59;;<Butch>;<76561199023755511>;<2701.330566, 214.231277, 5600.478516>;picked the item;DMR;
2025-5-31;6:49:59;;<Butch>;<76561199023755511>;<2701.330566, 214.231277, 5600.478516>;picked the item;AX338 Scope;
2025-5-31;6:49:59;;<Butch>;<76561199023755511>;<2701.330566, 214.231277, 5600.478516>;picked the item;10rd DMR Mag;
2025-5-31;6:49:59;;<Butch>;<76561199023755511>;<2701.330566, 214.231277, 5600.478516>;picked the item;MMG Facemask MulticamBlack;
2025-5-31;6:49:59;;<Butch>;<76561199023755511>;connected;;;;;
2025-5-31;6:49:59;;<>;<>;<2720.909424, 206.529999, 5383.797852>;picked the item;SG5-K;
2025-5-31;6:49:59;;<>;<>;<2720.909424, 206.529999, 5383.797852>;picked the item;30rd SG5-K Mag;
2025-5-31;6:49:59;;<>;<>;<2720.909424, 206.529999, 5383.797852>;picked the item;SG5-K Lightweight Buttstock;
2025-5-31;6:49:59;;<>;<>;<2720.909424, 206.529999, 5383.797852>;picked the item;SG5-K Compensator;
2025-5-31;6:49:59;;<>;<>;<2720.909424, 206.529999, 5383.797852>;picked the item;SG5-K Rail Handguard;
2025-5-31;6:49:59;;<>;<>;<2720.909424, 206.529999, 5383.797852>;picked the item;OREL Police Jacket;
2025-5-31;6:49:59;;<>;<>;<2720.909424, 206.529999, 5383.797852>;picked the item;OREL Police Pants;
2025-5-31;6:49:59;;<>;<>;<2720.909424, 206.529999, 5383.797852>;picked the item;Hunter Boots;
2025-5-31;6:49:59;;<>;<>;<2720.909424, 206.529999, 5383.797852>;picked the item;Stab Vest;
2025-5-31;6:49:59;;<>;<>;<2720.909424, 206.529999, 5383.797852>;picked the item;Police Cap;
2025-5-31;6:49:59;;<>;<>;<2720.909424, 206.529999, 5383.797852>;picked the item;Surgical Gloves;
2025-5-31;6:49:59;;<>;<>;<2720.909424, 206.529999, 5383.797852>;picked the item;Belt;
2025-5-31;6:49:59;;<>;<>;<2720.909424, 206.529999, 5383.797852>;picked the item;AI Tag - Red;
2025-5-31;6:49:59;;<>;<>;<2720.909424, 206.529999, 5383.797852>;picked the item;30rd SG5-K Mag;
2025-5-31;6:49:59;;<>;<>;<2720.909424, 206.529999, 5385.797852>;picked the item;CR-61 Skorpion;
2025-5-31;6:49:59;;<>;<>;<2720.909424, 206.529999, 5385.797852>;picked the item;20rd CR-61 Mag;
2025-5-31;6:49:59;;<>;<>;<2720.909424, 206.529999, 5385.797852>;picked the item;OREL Police Jacket;
2025-5-31;6:49:59;;<>;<>;<2720.909424, 206.529999, 5385.797852>;picked the item;Police Pants;
2025-5-31;6:49:59;;<>;<>;<2720.909424, 206.529999, 5385.797852>;picked the item;Hunter Boots;
2025-5-31;6:49:59;;<>;<>;<2720.909424, 206.529999, 5385.797852>;picked the item;Stab Vest;
2025-5-31;6:49:59;;<>;<>;<2720.909424, 206.529999, 5385.797852>;picked the item;Police Cap;
2025-5-31;6:49:59;;<>;<>;<2720.909424, 206.529999, 5385.797852>;picked the item;Surgical Gloves;
2025-5-31;6:49:59;;<>;<>;<2720.909424, 206.529999, 5385.797852>;picked the item;Belt;
2025-5-31;6:49:59;;<>;<>;<2720.909424, 206.529999, 5385.797852>;picked the item;AI Tag - Red;
2025-5-31;6:49:59;;<>;<>;<2720.909424, 206.529999, 5385.797852>;picked the item;20rd CR-61 Mag;
2025-5-31;6:49:59;;<>;<>;<2720.909424, 206.529999, 5385.797852>;picked the item;IJ-70;
2025-5-31;6:49:59;;<>;<>;<2720.909424, 206.529999, 5385.797852>;picked the item;12rd IJ-70 Mag;
2025-5-31;6:49:59;;<>;<>;<2720.909424, 206.529999, 5385.797852>;picked the item;Police Jacket;
2025-5-31;6:49:59;;<>;<>;<2720.909424, 206.529999, 5385.797852>;picked the item;Police Pants;
2025-5-31;6:49:59;;<>;<>;<2720.909424, 206.529999, 5385.797852>;picked the item;Hunter Boots;
2025-5-31;6:49:59;;<>;<>;<2720.909424, 206.529999, 5385.797852>;picked the item;Stab Vest;
2025-5-31;6:49:59;;<>;<>;<2720.909424, 206.529999, 5385.797852>;picked the item;Police Cap;
2025-5-31;6:49:59;;<>;<>;<2720.909424, 206.529999, 5385.797852>;picked the item;Surgical Gloves;
2025-5-31;6:49:59;;<>;<>;<2720.909424, 206.529999, 5385.797852>;picked the item;Belt;
2025-5-31;6:49:59;;<>;<>;<2720.909424, 206.529999, 5385.797852>;picked the item;AI Tag - Red;
2025-5-31;6:49:59;;<>;<>;<2720.909424, 206.529999, 5385.797852>;picked the item;12rd IJ-70 Mag;
2025-5-31;6:50:27;;<Butch>;<76561199023755511>;<2701.666260, 211.077942, 5598.523926>;picked the item;Ribak Shoes;
2025-5-31;6:50:27;;<Butch>;<76561199023755511>;<2701.666260, 211.077942, 5598.523926>;dropped the item;Ribak Shoes;
2025-5-31;6:50:45;;<Butch>;<76561199023755511>;<2702.919678, 211.077957, 5600.359375>;ActionOpenLBChestKey;LB_LC_KeyBase;
2025-5-31;6:50:48;;<Butch>;<76561199023755511>;<2702.919678, 211.077957, 5600.359375>;picked the item;#TD_1money2014;
2025-5-31;6:50:48;;<Butch>;<76561199023755511>;<2702.919678, 211.077957, 5600.359375>;picked the item;#TD_20money2014;
2025-5-31;6:50:49;;<Butch>;<76561199023755511>;<2702.919678, 211.077957, 5600.359375>;picked the item;#TD_10money2014;
2025-5-31;6:51:21;;<Butch>;<76561199023755511>;<2631.780518, 227.677704, 5685.837891>;picked the item;#cp_empty_1oz_bag0;
2025-5-31;6:51:27;;<Butch>;<76561199023755511>;<2628.024170, 228.274567, 5696.893555>;picked the item;Garden Lime;
2025-5-31;6:51:53;;<Butch>;<76561199023755511>;<2598.694580, 228.519806, 5707.875000>;ActionSearchZombieBodyToViewCargo;Crowbar;
2025-5-31;6:52:15;;<>;<>;<2696.121094, 206.744492, 5357.023926>;picked the item;.380 ACP Rounds;
2025-5-31;6:52:24;;<Butch>;<76561199023755511>;<2587.320313, 228.147644, 5690.254395>;ActionSearchZombieBodyToViewCargo;Crowbar;
2025-5-31;6:52:40;;<Butch>;<76561199023755511>;<2591.441895, 228.400803, 5694.712891>;ActionSearchGarbage;Crowbar;
2025-5-31;6:52:53;;<Butch>;<76561199023755511>;<2592.075195, 228.492645, 5694.673828>;ActionSearchGarbage;Crowbar;
2025-5-31;6:53:10;;<Butch>;<76561199023755511>;<2603.557129, 228.224915, 5694.399414>;ActionSearchGarbage;Crowbar;
2025-5-31;6:53:20;;<Butch>;<76561199023755511>;<2610.260498, 228.869476, 5691.113770>;ActionOpenDoors;NULL;
2025-5-31;6:53:42;;<Butch>;<76561199023755511>;<2631.821777, 228.291885, 5701.118652>;ActionMineBushByHand;NULL;
2025-5-31;6:53:44;;<Butch>;<76561199023755511>;<2631.821777, 228.291885, 5701.118652>;picked the item;Long Stick;
2025-5-31;6:53:52;;<Butch>;<76561199023755511>;<2631.821777, 228.291885, 5701.118652>;picked the item;Short Stick;
2025-5-31;6:53:53;;<Butch>;<76561199023755511>;<2631.821777, 228.291885, 5701.118652>;ActionBreakLongWoodenStick;LongWoodenStick;
2025-5-31;6:54:9;;<Butch>;<76561199023755511>;<2647.861572, 226.080750, 5692.680664>;ActionMineBushByHand;NULL;
2025-5-31;6:54:10;;<Butch>;<76561199023755511>;<2647.861572, 226.080750, 5692.680664>;picked the item;Long Stick;
2025-5-31;6:54:23;;<Butch>;<76561199023755511>;<2622.866455, 228.255020, 5701.684570>;picked the item;Short Stick;
2025-5-31;6:54:24;;<Butch>;<76561199023755511>;<2622.866455, 228.255020, 5701.684570>;ActionBreakLongWoodenStick;LongWoodenStick;
2025-5-31;6:54:28;;<Butch>;<76561199023755511>;<2612.501465, 228.870911, 5693.924805>;ActionCloseDoors;NULL;
2025-5-31;6:54:30;;<Butch>;<76561199023755511>;<2608.963623, 228.869339, 5691.438965>;ActionCloseDoors;NULL;
2025-5-31;6:54:34;;<Butch>;<76561199023755511>;<2601.661377, 228.865189, 5691.346680>;ActionCloseDoors;NULL;
2025-5-31;6:54:36;;<Butch>;<76561199023755511>;<2606.118896, 228.867722, 5691.047852>;ActionCloseDoors;NULL;
2025-5-31;6:54:39;;<Butch>;<76561199023755511>;<2609.488525, 228.869614, 5690.761230>;dropped the item;Short Stick;
2025-5-31;6:54:39;;<Butch>;<76561199023755511>;<2609.488525, 228.869614, 5690.761230>;ActionCreateIndoorFireplace;WoodenStick;
2025-5-31;6:54:45;;<Butch>;<76561199023755511>;<2609.488525, 228.869614, 5690.761230>;dropped the item;Chicken Steak;
2025-5-31;6:55:28;;<Butch>;<76561199023755511>;<2606.053467, 228.867691, 5691.032227>;ActionOpenDoors;NULL;
2025-5-31;6:55:31;;<Butch>;<76561199023755511>;<2601.831299, 228.865311, 5692.107422>;ActionOpenDoors;NULL;
2025-5-31;6:55:46;;<Butch>;<76561199023755511>;<2595.640625, 227.807556, 5685.782715>;ActionMineTreeBark;CombatKnife;
2025-5-31;6:55:48;;<Butch>;<76561199023755511>;<2595.640625, 227.807556, 5685.782715>;picked the item;Light Bark;
2025-5-31;6:55:54;;<Butch>;<76561199023755511>;<2601.764648, 228.865234, 5691.271973>;ActionCloseDoors;NULL;
2025-5-31;6:55:56;;<Butch>;<76561199023755511>;<2605.906738, 228.867615, 5691.104980>;ActionCloseDoors;NULL;
2025-5-31;6:55:58;;<Butch>;<76561199023755511>;<2609.311523, 228.869522, 5690.776367>;dropped the item;Light Bark;
2025-5-31;6:55:58;;<Butch>;<76561199023755511>;<2609.311523, 228.869522, 5690.776367>;ActionAttach;Bark_Birch;
2025-5-31;6:56:21;;<Butch>;<76561199023755511>;<2609.311523, 228.869522, 5690.776367>;ActionLightItemOnFire;Matchbox;
2025-5-31;6:56:33;;<Butch>;<76561199023755511>;<2609.645996, 228.869720, 5690.770996>;dropped the item;Zmiovka;
2025-5-31;6:56:40;;<Butch>;<76561199023755511>;<2609.645996, 228.869720, 5690.770996>;dropped the item;9V Battery;
2025-5-31;6:56:53;;<Butch>;<76561199023755511>;<2609.645996, 228.869720, 5690.770996>;ActionDrinkCan;SodaCan_ColorBase;
2025-5-31;7:0:1;;<Butch>;<76561199023755511>;disconnected;;;;;
